яо 600у600;1816
яо 700у600;1906
яо 800у600;2022
яо 900у600;2116
яо 1000у600;2211
яо 1100у600;2316
яо 1200у600;2432
яо 1300у600;2526
яо 1400у600;2621
яо 1500у600;2711
яо 1600у600;2927
яо 1700у600;3021
яо 1800у600;3116
яо 1900у600;3833
яо 2000у600;3960
яо 600у700;1968
яо 700у700;2085
яо 800у700;2204
яо 900у700;2301
яо 1000у700;2422
яо 1100у700;2531
яо 1200у700;2651
яо 1300у700;2748
яо 1400у700;2869
яо 1500у700;2985
яо 1600у700;3182
яо 1700у700;3302
яо 1800у700;3400
яо 1900у700;4163
яо 2000у700;4271
яоо 600у600;2096
яоо 700у600;2220
яоо 800у600;2368
яоо 900у600;2495
яоо 1000у600;2624
яоо 1100у600;2763
яоо 1200у600;2911
яоо 1300у600;3038
яоо 1400у600;3166
яоо 1500у600;3290
яоо 1600у600;3539
яоо 1700у600;3666
яоо 1800у600;3794
яоо 1900у600;4502
яоо 2000у600;4661
яоо 600у700;2273
яоо 700у700;2429
яоо 800у700;2589
яоо 900у700;2726
яоо 1000у700;2887
яоо 1100у700;3037
яоо 1200у700;3197
яоо 1300у700;3334
яоо 1400у700;3495
яоо 1500у700;3652
яоо 1600у700;3890
яоо 1700у700;4049
яоо 1800у700;4188
яоо 1900у700;4937
яоо 2000у700;5086
яо2о 600у600;2468
яо2о 700у600;2625
яо2о 800у600;2807
яо2о 900у600;2968
яо2о 1000у600;3129
яо2о 1100у600;3301
яо2о 1200у600;3483
яо2о 1300у600;3643
яо2о 1400у600;3805
яо2о 1500у600;4267
яо2о 1600у600;4571
яо2о 1700у600;4752
яо2о 1800у600;4935
яо2о 1900у600;5093
яо2о 2000у600;5275
яо2о 600у700;2632
яо2о 700у700;2829
яо2о 800у700;3029
яо2о 900у700;3207
яо2о 1000у700;3408
яо2о 1100у700;3599
яо2о 1200у700;3798
яо2о 1300у700;3977
яо2о 1400у700;4178
яо2о 1500у700;4680
яо2о 1600у700;4979
яо2о 1700у700;5201
яо2о 1800у700;5402
яо2о 1900у700;5603
яо2о 2000у700;5781
яо аа 600у600;1859
яо аа 700у600;1960
яо аа 800у600;2065
яо аа 900у600;2191
яо аа 1000у600;2297
яо аа 1100у600;2417
яо аа 1200у600;2518
яо аа 1300у600;2623
яо аа 1400у600;2750
яо аа 1500у600;2855
яо аа 1600у600;3059
яо аа 1700у600;3161
яо аа 1800у600;3288
яо аа 1900у600;4223
яо аа 2000у600;4349
яо аа 600у700;2018
яо аа 700у700;2148
яо аа 800у700;2257
яо аа 900у700;2387
яо аа 1000у700;2493
яо аа 1100у700;2638
яо аа 1200у700;2746
яо аа 1300у700;2877
яо аа 1400у700;2986
яо аа 1500у700;3113
яо аа 1600у700;3343
яо аа 1700у700;3451
яо аа 1800у700;3583
яо аа 1900у700;4541
яо аа 2000у700;4689
яоо аа 600у600;2162
яоо аа 700у600;2303
яоо аа 800у600;2447
яоо аа 900у600;2613
яоо аа 1000у600;2758
яоо аа 1100у600;2917
яоо аа 1200у600;3058
яоо аа 1300у600;3203
яоо аа 1400у600;3370
яоо аа 1500у600;3514
яоо аа 1600у600;3758
яоо аа 1700у600;3899
яоо аа 1800у600;4066
яоо аа 1900у600;4988
яоо аа 2000у600;5154
яоо аа 600у700;2394
яоо аа 700у700;2579
яоо аа 800у700;2743
яоо аа 900у700;2928
яоо аа 1000у700;3089
яоо аа 1100у700;3290
яоо аа 1200у700;3453
яоо аа 1300у700;3639
яоо аа 1400у700;3803
яоо аа 1500у700;3985
яоо аа 1600у700;4271
яоо аа 1700у700;4434
яоо аа 1800у700;4621
яоо аа 1900у700;5571
яоо аа 2000у700;5775
яо2о аа 600у600;2520
яо2о аа 700у600;2690
яо2о аа 800у600;2863
яо2о аа 900у600;3058
яо2о аа 1000у600;3232
яо2о аа 1100у600;3420
яо2о аа 1200у600;3590
яо2о аа 1300у600;3763
яо2о аа 1400у600;3958
яо2о аа 1500у600;4437
яо2о аа 1600у600;4731
яо2о аа 1700у600;4923
яо2о аа 1800у600;5140
яо2о аа 1900у600;5314
яо2о аа 2000у600;5487
яо2о аа 600у700;2778
яо2о аа 700у700;3007
яо2о аа 800у700;3215
яо2о аа 900у700;3445
яо2о аа 1000у700;3651
яо2о аа 1100у700;3896
яо2о аа 1200у700;4104
яо2о аа 1300у700;4333
яо2о аа 1400у700;4543
яо2о аа 1500у700;5075
яо2о аа 1600у700;5426
яо2о аа 1700у700;5655
яо2о аа 1800у700;5908
яо2о аа 1900у700;6120
яо2о аа 2000у700;6346
яон 600у600;2184
яон 700у600;2286
яон 800у600;2418
яон 900у600;2522
яон 1000у600;2628
яон 1100у600;2745
яон 1200у600;2877
яон 1300у600;2981
яон 1400у600;3087
яон 1500у600;3189
яон 1600у600;3420
яон 1700у600;3525
яон 1800у600;3631
яон 1900у600;6154
яон 2000у600;6297
яон 600у700;2348
яон 700у700;2480
яон 800у700;2616
яон 900у700;2724
яон 1000у700;2861
яон 1100у700;2982
яон 1200у700;3117
яон 1300у700;3226
яон 1400у700;3362
яон 1500у700;3495
яон 1600у700;3703
яон 1700у700;3839
яон 1800у700;3948
яон 1900у700;6940
яон 2000у700;7059
яоон 600у600;2464
яоон 700у600;2599
яоон 800у600;2764
яоон 900у600;2902
яоон 1000у600;3041
яоон 1100у600;3191
яоон 1200у600;3356
яоон 1300у600;3494
яоон 1400у600;3633
яоон 1500у600;3768
яоон 1600у600;4033
яоон 1700у600;4171
яоон 1800у600;4310
яоон 1900у600;5028
яоон 2000у600;5204
яоон 600у700;2652
яоон 700у700;2825
яоон 800у700;3001
яоон 900у700;3149
яоон 1000у700;3326
яоон 1100у700;3487
яоон 1200у700;3663
яоон 1300у700;3812
яоон 1400у700;3989
яоон 1500у700;4162
яоон 1600у700;4410
яоон 1700у700;4586
яоон 1800у700;4736
яоон 1900у700;5501
яоон 2000у700;5661
яр4 700у500;3034
яр4 800у500;3214
яр4 900у500;3394
яр4 1000у500;3574
яр4 1100у500;3769
яр4 1200у500;3948
яр4 1300у500;4128
яр4 1400у500;4308
яр4 1500у500;4488
яр4 1600у500;4668
яр4 1700у500;4848
яр4 1800у500;5028
яр4 700у600;3253
яр4 800у600;3461
яр4 900у600;3669
яр4 1000у600;3878
яр4 1100у600;4101
яр4 1200у600;4309
яр4 1300у600;4518
яр4 1400у600;4726
яр4 1500у600;4934
яр4 1600у600;5143
яр4 1700у600;5351
яр4 1800у600;5559
яр5 700у500;3524
яр5 800у500;3749
яр5 900у500;3974
яр5 1000у500;4199
яр5 1100у500;4439
яр5 1200у500;4664
яр5 1300у500;4889
яр5 1400у500;5113
яр5 1500у500;5338
яр5 1600у500;5563
яр5 1700у500;5788
яр5 1800у500;6013
яр5 700у600;3798
яр5 800у600;4058
яр5 900у600;4319
яр5 1000у600;4579
яр5 1100у600;4854
яр5 1200у600;5115
яр5 1300у600;5375
яр5 1400у600;5636
яр5 1500у600;5896
яр5 1600у600;6156
яр5 1700у600;6417
яр5 1800у600;6677
яро4 700у500;3608
яро4 800у500;3854
яро4 900у500;4100
яро4 1000у500;4346
яро4 1100у500;4607
яро4 1200у500;4853
яро4 1300у500;5099
яро4 1400у500;5345
яро4 1500у500;5591
яро4 1600у500;5837
яро4 1700у500;6082
яро4 1800у500;6328
яро4 700у600;3912
яро4 800у600;4196
яро4 900у600;4479
яро4 1000у600;4763
яро4 1100у600;5062
яро4 1200у600;5345
яро4 1300у600;5629
яро4 1400у600;5913
яро4 1500у600;6196
яро4 1600у600;6480
яро4 1700у600;6764
яро4 1800у600;7047
яро5 700у500;4242
яро5 800у500;4550
яро5 900у500;4857
яро5 1000у500;5164
яро5 1100у500;5487
яро5 1200у500;5794
яро5 1300у500;6102
яро5 1400у500;6409
яро5 1500у500;6716
яро5 1600у500;7024
яро5 1700у500;7331
яро5 1800у500;7639
яро5 700у600;4622
яро5 800у600;4977
яро5 900у600;5331
яро5 1000у600;5686
яро5 1100у600;6055
яро5 1200у600;6410
яро5 1300у600;6764
яро5 1400у600;7119
яро5 1500у600;7474
яро5 1600у600;7828
яро5 1700у600;8183
яро5 1800у600;8537
ярпь4 700у500;0
ярпь4 800у500;0
ярпь4 900у500;0
ярпь4 1000у500;0
ярпь4 1100у500;0
ярпь4 1200у500;0
ярпь4 1300у500;0
ярпь4 1400у500;0
ярпь4 1500у500;0
ярпь4 1600у500;0
ярпь4 1700у500;0
ярпь4 1800у500;0
ярпь4 700у600;0
ярпь4 800у600;0
ярпь4 900у600;0
ярпь4 1000у600;0
ярпь4 1100у600;0
ярпь4 1200у600;0
ярпь4 1300у600;0
ярпь4 1400у600;0
ярпь4 1500у600;0
ярпь4 1600у600;0
ярпь4 1700у600;0
ярпь4 1800у600;0
ярпь5 700у500;0
ярпь5 800у500;0
ярпь5 900у500;0
ярпь5 1000у500;0
ярпь5 1100у500;0
ярпь5 1200у500;0
ярпь5 1300у500;0
ярпь5 1400у500;0
ярпь5 1500у500;0
ярпь5 1600у500;0
ярпь5 1700у500;0
ярпь5 1800у500;0
ярпь5 700у600;0
ярпь5 800у600;0
ярпь5 900у600;0
ярпь5 1000у600;0
ярпь5 1100у600;0
ярпь5 1200у600;0
ярпь5 1300у600;0
ярпь5 1400у600;0
ярпь5 1500у600;0
ярпь5 1600у600;0
ярпь5 1700у600;0
ярпь5 1800у600;0
ой1 500у250;434
ой1 600у250;456
ой1 700у250;478
ой1 800у250;500
ой1 900у250;522
ой1 1000у250;544
ой1 1100у250;581
ой1 1200у250;603
ой1 1300у250;625
ой1 1400у250;647
ой1 1500у250;714
ой1 1600у250;736
ой1 1700у250;758
ой1 1800у250;780
ой1 1900у250;802
ой1 2000у250;824
ой1 500у300;465
ой1 600у300;491
ой1 700у300;516
ой1 800у300;542
ой1 900у300;567
ой1 1000у300;593
ой1 1100у300;633
ой1 1200у300;659
ой1 1300у300;685
ой1 1400у300;710
ой1 1500у300;785
ой1 1600у300;811
ой1 1700у300;836
ой1 1800у300;862
ой1 1900у300;888
ой1 2000у300;913
ой1 500у350;496
ой1 600у350;525
ой1 700у350;554
ой1 800у350;583
ой1 900у350;612
ой1 1000у350;641
ой1 1100у350;686
ой1 1200у350;715
ой1 1300у350;744
ой1 1400у350;773
ой1 1500у350;857
ой1 1600у350;886
ой1 1700у350;915
ой1 1800у350;944
ой1 1900у350;974
ой1 2000у350;1003
ой2 500у250;849
ой2 600у250;892
ой2 700у250;936
ой2 800у250;980
ой2 900у250;1024
ой2 1000у250;1067
ой2 1100у250;1126
ой2 1200у250;1170
ой2 1300у250;1213
ой2 1400у250;1257
ой2 1500у250;1392
ой2 1600у250;1435
ой2 1700у250;1479
ой2 1800у250;1523
ой2 1900у250;1566
ой2 2000у250;1610
ой2 500у300;910
ой2 600у300;961
ой2 700у300;1012
ой2 800у300;1063
ой2 900у300;1114
ой2 1000у300;1164
ой2 1100у300;1230
ой2 1200у300;1281
ой2 1300у300;1332
ой2 1400у300;1383
ой2 1500у300;1535
ой2 1600у300;1586
ой2 1700у300;1637
ой2 1800у300;1687
ой2 1900у300;1738
ой2 2000у300;1789
ой2 500у350;972
ой2 600у350;1030
ой2 700у350;1088
ой2 800у350;1146
ой2 900у350;1204
ой2 1000у350;1262
ой2 1100у350;1334
ой2 1200у350;1392
ой2 1300у350;1450
ой2 1400у350;1508
ой2 1500у350;1679
ой2 1600у350;1737
ой2 1700у350;1794
ой2 1800у350;1852
ой2 1900у350;1910
ой2 2000у350;1968
ой3 500у250;1289
ой3 600у250;1355
ой3 700у250;1420
ой3 800у250;1486
ой3 900у250;1551
ой3 1000у250;1617
ой3 1100у250;1697
ой3 1200у250;1762
ой3 1300у250;1828
ой3 1400у250;1893
ой3 1500у250;2109
ой3 1600у250;2174
ой3 1700у250;2240
ой3 1800у250;2305
ой3 1900у250;2371
ой3 2000у250;2436
ой3 500у300;1382
ой3 600у300;1458
ой3 700у300;1534
ой3 800у300;1610
ой3 900у300;1686
ой3 1000у300;1762
ой3 1100у300;1853
ой3 1200у300;1929
ой3 1300у300;2005
ой3 1400у300;2081
ой3 1500у300;2324
ой3 1600у300;2400
ой3 1700у300;2476
ой3 1800у300;2552
ой3 1900у300;2628
ой3 2000у300;2705
ой3 500у350;1475
ой3 600у350;1561
ой3 700у350;1648
ой3 800у350;1735
ой3 900у350;1821
ой3 1000у350;1908
ой3 1100у350;2010
ой3 1200у350;2096
ой3 1300у350;2183
ой3 1400у350;2270
ой3 1500у350;2540
ой3 1600у350;2626
ой3 1700у350;2713
ой3 1800у350;2800
ой3 1900у350;2886
ой3 2000у350;2973
гббо 600у600;2579
гббо 700у600;2848
гббо 800у600;3118
гббо 900у600;3477
гббо 1000у600;3747
гббо 1100у600;4120
гббо 1200у600;4411
гббо 1300у600;4705
гббо 1400у600;5018
гббо 1500у600;5422
гббо 1600у600;5735
гббо 1700у600;6007
гббо 1800у600;6298
гббо 1900у600;6568
гббо 2000у600;6859
гббо 600у700;2670
гббо 700у700;2940
гббо 800у700;3209
гббо 900у700;3569
гббо 1000у700;3860
гббо 1100у700;4234
гббо 1200у700;4503
гббо 1300у700;4818
гббо 1400у700;5132
гббо 1500у700;5558
гббо 1600у700;5871
гббо 1700у700;6120
гббо 1800у700;6434
гббо 1900у700;6703
гббо 2000у700;6995
гббо 600у800;2762
гббо 700у800;3053
гббо 800у800;3323
гббо 900у800;3682
гббо 1000у800;3974
гббо 1100у800;4347
гббо 1200у800;4639
гббо 1300у800;4954
гббо 1400у800;5268
гббо 1500у800;5693
гббо 1600у800;6007
гббо 1700у800;6278
гббо 1800у800;6592
гббо 1900у800;6861
гббо 2000у800;7153
гббо 600у900;2853
гббо 700у900;3167
гббо 800у900;3436
гббо 900у900;3796
гббо 1000у900;4088
гббо 1100у900;4483
гббо 1200у900;4775
гббо 1300у900;5090
гббо 1400у900;5404
гббо 1500у900;5851
гббо 1600у900;6165
гббо 1700у900;6436
гббо 1800у900;6750
гббо 1900у900;7042
гббо 2000у900;7333
гббо 600у1000;2967
гббо 700у1000;3259
гббо 800у1000;3550
гббо 900у1000;3910
гббо 1000у1000;4224
гббо 1100у1000;4597
гббо 1200у1000;4911
гббо 1300у1000;5248
гббо 1400у1000;5562
гббо 1500у1000;6009
гббо 1600у1000;6323
гббо 1700у1000;6616
гббо 1800у1000;6930
гббо 1900у1000;7222
гббо 2000у1000;7513
гббо 600у1100;3058
гббо 700у1100;3372
гббо 800у1100;3664
гббо 900у1100;4046
гббо 1000у1100;4359
гббо 1100у1100;4755
гббо 1200у1100;5046
гббо 1300у1100;5384
гббо 1400у1100;5720
гббо 1500у1100;6167
гббо 1600у1100;6503
гббо 1700у1100;6774
гббо 1800у1100;7110
гббо 1900у1100;7402
гббо 2000у1100;7716
гббо 600у1200;3172
гббо 700у1200;3486
гббо 800у1200;3778
гббо 900у1200;4159
гббо 1000у1200;4495
гббо 1100у1200;4891
гббо 1200у1200;5204
гббо 1300у1200;5542
гббо 1400у1200;5878
гббо 1500у1200;6325
гббо 1600у1200;6661
гббо 1700у1200;6955
гббо 1800у1200;7291
гббо 1900у1200;7604
гббо 2000у1200;7918
гббн 1000у1000;5511
гббн 1100у1000;6039
гббн 1200у1000;6464
гббн 1300у1000;6914
гббн 1400у1000;7383
гббн 1500у1000;7963
гббн 1600у1000;8409
гббн 1700у1000;8815
гббн 1800у1000;9239
гббн 1900у1000;9664
гббн 2000у1000;10044
гббн 1000у1100;5603
гббн 1100у1100;6131
гббн 1200у1100;6556
гббн 1300у1100;7028
гббн 1400у1100;7474
гббн 1500у1100;8054
гббн 1600у1100;8501
гббн 1700у1100;8929
гббн 1800у1100;9353
гббн 1900у1100;9778
гббн 2000у1100;10158
гббн 1000у1200;5694
гббн 1100у1200;6245
гббн 1200у1200;6669
гббн 1300у1200;7119
гббн 1400у1200;7588
гббн 1500у1200;8168
гббн 1600у1200;8637
гббн 1700у1200;9042
гббн 1800у1200;9467
гббн 1900у1200;9913
гббн 2000у1200;10294
гббн 1000у1300;5808
гббн 1100у1300;6358
гббн 1200у1300;6783
гббн 1300у1300;7255
гббн 1400у1300;7702
гббн 1500у1300;8304
гббн 1600у1300;8750
гббн 1700у1300;9178
гббн 1800у1300;9625
гббн 1900у1300;10049
гббн 2000у1300;10452
гббн 1000у1400;5922
гббн 1100у1400;6472
гббн 1200у1400;6897
гббн 1300у1400;7369
гббн 1400у1400;7838
гббн 1500у1400;8439
гббн 1600у1400;8908
гббн 1700у1400;9314
гббн 1800у1400;9761
гббн 1900у1400;10207
гббн 2000у1400;10610
гббн 1000у1500;6035
гббн 1100у1500;6586
гббн 1200у1500;7032
гббн 1300у1500;7505
гббн 1400у1500;7973
гббн 1500у1500;8575
гббн 1600у1500;9044
гббн 1700у1500;9472
гббн 1800у1500;9919
гббн 1900у1500;10365
гббн 2000у1500;10768
гббн 1000у1600;6149
гббн 1100у1600;6722
гббн 1200у1600;7168
гббн 1300у1600;7640
гббн 1400у1600;8109
гббн 1500у1600;8733
гббн 1600у1600;9202
гббн 1700у1600;9630
гббн 1800у1600;10077
гббн 1900у1600;10546
гббн 2000у1600;10948
гббн 1000у1700;6285
гббн 1100у1700;6835
гббн 1200у1700;7304
гббн 1300у1700;7776
гббн 1400у1700;8267
гббн 1500у1700;8869
гббн 1600у1700;9360
гббн 1700у1700;9788
гббн 1800у1700;10257
гббн 1900у1700;10704
гббн 2000у1700;11128
гббн 1000у1800;6421
гббн 1100у1800;6993
гббн 1200у1800;7462
гббн 1300у1800;7956
гббн 1400у1800;8447
гббн 1500у1800;9049
гббн 1600у1800;9540
гббн 1700у1800;9990
гббн 1800у1800;10459
гббн 1900у1800;10906
гббн 2000у1800;11330
гббн 1000у1900;6557
гббн 1100у1900;7129
гббн 1200у1900;7598
гббн 1300у1900;8092
гббн 1400у1900;8583
гббн 1500у1900;9207
гббн 1600у1900;9698
гббн 1700у1900;10148
гббн 1800у1900;10617
гббн 1900у1900;11108
гббн 2000у1900;11533
гббн 1000у2000;6692
гббн 1100у2000;7265
гббн 1200у2000;7756
гббн 1300у2000;8250
гббн 1400у2000;8741
гббн 1500у2000;9365
гббн 1600у2000;9879
гббн 1700у2000;10329
гббн 1800у2000;10797
гббн 1900у2000;11288
гббн 2000у2000;11713
бя1 300 600у600;2566
бя1 300 700у600;2699
бя1 300 800у600;2833
бя1 300 900у600;2966
бя1 300 1000у600;3099
бя1 300 600у700;2755
бя1 300 700у700;2889
бя1 300 800у700;3022
бя1 300 900у700;3183
бя1 300 1000у700;3316
бя1 350 600у600;2675
бя1 350 700у600;2808
бя1 350 800у600;2942
бя1 350 900у600;3102
бя1 350 1000у600;3235
бя1 350 600у700;2864
бя1 350 700у700;2997
бя1 350 800у700;3158
бя1 350 900у700;3318
бя1 350 1000у700;3452
бя2 300 1000у600;3445
бя2 300 1100у600;3593
бя2 300 1200у600;3727
бя2 300 1300у600;4042
бя2 300 1400у600;4189
бя2 300 1500у600;4336
бя2 300 1000у700;3661
бя2 300 1100у700;3837
бя2 300 1200у700;3970
бя2 300 1300у700;4285
бя2 300 1400у700;4460
бя2 300 1500у700;4607
бя2 350 1000у600;3581
бя2 350 1100у600;3756
бя2 350 1200у600;3890
бя2 350 1300у600;4205
бя2 350 1400у600;4379
бя2 350 1500у600;4527
бя2 350 1000у700;3824
бя2 350 1100у700;4000
бя2 350 1200у700;4160
бя2 350 1300у700;4503
бя2 350 1400у700;4650
бя2 350 1500у700;4825
бя3 300 1500у600;4655
бя3 300 1600у600;4802
бя3 300 1700у600;4976
бя3 300 1800у600;5124
бя3 300 1500у700;4953
бя3 300 1600у700;5127
бя3 300 1700у700;5274
бя3 300 1800у700;5422
бя3 350 1500у600;4872
бя3 350 1600у600;5047
бя3 350 1700у600;5194
бя3 350 1800у600;5341
бя3 350 1500у700;5197
бя3 350 1600у700;5372
бя3 350 1700у700;5519
бя3 350 1800у700;5694
бяо1 300 600у600;2937
бяо1 300 700у600;3103
бяо1 300 800у600;3270
бяо1 300 900у600;3436
бяо1 300 1000у600;3603
бяо1 300 600у700;3171
бяо1 300 700у700;3345
бяо1 300 800у700;3519
бяо1 300 900у700;3719
бяо1 300 1000у700;3893
бяо1 350 600у600;3046
бяо1 350 700у600;3212
бяо1 350 800у600;3379
бяо1 350 900у600;3572
бяо1 350 1000у600;3739
бяо1 350 600у700;3280
бяо1 350 700у700;3454
бяо1 350 800у700;3655
бяо1 350 900у700;3855
бяо1 350 1000у700;4029
бяо2 300 1000у600;3948
бяо2 300 1100у600;4130
бяо2 300 1200у600;4296
бяо2 300 1300у600;4645
бяо2 300 1400у600;4826
бяо2 300 1500у600;5006
бяо2 300 1000у700;4238
бяо2 300 1100у700;4454
бяо2 300 1200у700;4628
бяо2 300 1300у700;4984
бяо2 300 1400у700;5198
бяо2 300 1500у700;5386
бяо2 350 1000у600;4084
бяо2 350 1100у600;4293
бяо2 350 1200у600;4459
бяо2 350 1300у600;4808
бяо2 350 1400у600;5016
бяо2 350 1500у600;5196
бяо2 350 1000у700;4402
бяо2 350 1100у700;4617
бяо2 350 1200у700;4818
бяо2 350 1300у700;5201
бяо2 350 1400у700;5389
бяо2 350 1500у700;5603
бяо3 300 1500у600;5324
бяо3 300 1600у600;5505
бяо3 300 1700у600;5712
бяо3 300 1800у600;5893
бяо3 300 1500у700;5731
бяо3 300 1600у700;5946
бяо3 300 1700у700;6134
бяо3 300 1800у700;6321
бяо3 350 1500у600;5542
бяо3 350 1600у600;5749
бяо3 350 1700у600;5930
бяо3 350 1800у600;6110
бяо3 350 1500у700;5976
бяо3 350 1600у700;6191
бяо3 350 1700у700;6378
бяо3 350 1800у700;6593
бя1 300 600у600й;2733
бя1 300 700у600й;2867
бя1 300 800у600й;3000
бя1 300 900у600й;3133
бя1 300 1000у600й;3267
бя1 300 600у700й;2923
бя1 300 700у700й;3056
бя1 300 800у700й;3189
бя1 300 900у700й;3350
бя1 300 1000у700й;3483
бя1 350 600у600й;2842
бя1 350 700у600й;2975
бя1 350 800у600й;3109
бя1 350 900у600й;3269
бя1 350 1000у600й;3402
бя1 350 600у700й;3031
бя1 350 700у700й;3165
бя1 350 800у700й;3325
бя1 350 900у700й;3486
бя1 350 1000у700й;3619
бя2 300 1000у600й;3612
бя2 300 1100у600й;3760
бя2 300 1200у600й;3894
бя2 300 1300у600й;4209
бя2 300 1400у600й;4356
бя2 300 1500у600й;4504
бя2 300 1000у700й;3828
бя2 300 1100у700й;4004
бя2 300 1200у700й;4137
бя2 300 1300у700й;4453
бя2 300 1400у700й;4627
бя2 300 1500у700й;4774
бя2 350 1000у600й;3748
бя2 350 1100у600й;3923
бя2 350 1200у600й;4057
бя2 350 1300у600й;4372
бя2 350 1400у600й;4547
бя2 350 1500у600й;4694
бя2 350 1000у700й;3992
бя2 350 1100у700й;4167
бя2 350 1200у700й;4328
бя2 350 1300у700й;4670
бя2 350 1400у700й;4817
бя2 350 1500у700й;4992
бя3 300 1500у600й;4822
бя3 300 1600у600й;4969
бя3 300 1700у600й;5144
бя3 300 1800у600й;5291
бя3 300 1500у700й;5120
бя3 300 1600у700й;5294
бя3 300 1700у700й;5442
бя3 300 1800у700й;5589
бя3 350 1500у600й;5039
бя3 350 1600у600й;5214
бя3 350 1700у600й;5361
бя3 350 1800у600й;5508
бя3 350 1500у700й;5364
бя3 350 1600у700й;5539
бя3 350 1700у700й;5686
бя3 350 1800у700й;5861
бяо1 300 600у600й;3104
бяо1 300 700у600й;3271
бяо1 300 800у600й;3437
бяо1 300 900у600й;3604
бяо1 300 1000у600й;3770
бяо1 300 600у700й;3339
бяо1 300 700у700й;3512
бяо1 300 800у700й;3686
бяо1 300 900у700й;3887
бяо1 300 1000у700й;4060
бяо1 350 600у600й;3213
бяо1 350 700у600й;3379
бяо1 350 800у600й;3546
бяо1 350 900у600й;3739
бяо1 350 1000у600й;3906
бяо1 350 600у700й;3447
бяо1 350 700у700й;3621
бяо1 350 800у700й;3822
бяо1 350 900у700й;4022
бяо1 350 1000у700й;4196
бяо2 300 1000у600й;4116
бяо2 300 1100у600й;4297
бяо2 300 1200у600й;4464
бяо2 300 1300у600й;4812
бяо2 300 1400у600й;4993
бяо2 300 1500у600й;5173
бяо2 300 1000у700й;4406
бяо2 300 1100у700й;4621
бяо2 300 1200у700й;4795
бяо2 300 1300у700й;5151
бяо2 300 1400у700й;5366
бяо2 300 1500у700й;5553
бяо2 350 1000у600й;4251
бяо2 350 1100у600й;4460
бяо2 350 1200у600й;4627
бяо2 350 1300у600й;4975
бяо2 350 1400у600й;5183
бяо2 350 1500у600й;5363
бяо2 350 1000у700й;4569
бяо2 350 1100у700й;4785
бяо2 350 1200у700й;4985
бяо2 350 1300у700й;5368
бяо2 350 1400у700й;5556
бяо2 350 1500у700й;5771
бяо3 300 1500у600й;5491
бяо3 300 1600у600й;5672
бяо3 300 1700у600й;5880
бяо3 300 1800у600й;6060
бяо3 300 1500у700й;5899
бяо3 300 1600у700й;6113
бяо3 300 1700у700й;6301
бяо3 300 1800у700й;6489
бяо3 350 1500у600й;5709
бяо3 350 1600у600й;5917
бяо3 350 1700у600й;6097
бяо3 350 1800у600й;6278
бяо3 350 1500у700й;6143
бяо3 350 1600у700й;6358
бяо3 350 1700у700й;6546
бяо3 350 1800у700й;6760
ояо ря 600;1778
ояо ря 700;2014
ояо ря 800;2251
ояо ря 900;2487
ояо ря 1000;2724
ояо ря 1100;2978
ояо ря 1200;3214
ояо яя 600;1591
ояо яя 700;1684
ояо яя 800;1777
ояо яя 900;1870
ояо яя 1000;1963
ояо яя 1100;2071
ояо яя 1200;2164
ояо рр 600;2365
ояо рр 700;2504
ояо рр 800;2643
ояо рр 900;2782
ояо рр 1000;2921
ояо рр 1100;3225
ояо рр 1200;3513
яяо 2р2я 600;3823
яяо 2р2я 700;4027
яяо 2р2я 800;4231
яяо 2р2я 900;4435
яяо 2р2я 1000;4640
яяо 2р2я 1100;5036
яяо 2р2я 1200;5417
яяо 3ря 600;4284
яяо 3ря 700;4525
яяо 3ря 800;4766
яяо 3ря 900;5007
яяо 3ря 1000;5248
яяо 3ря 1100;5703
яяо 3ря 1200;6142
яяо р3я 600;3306
яяо р3я 700;3474
яяо р3я 800;3642
яяо р3я 900;3810
яяо р3я 1000;3977
яяо р3я 1100;4305
яяо р3я 1200;4615
яяо 4я 600;3013
яяо 4я 700;3174
яяо 4я 800;3336
яяо 4я 900;3497
яяо 4я 1000;3658
яяо 4я 1100;3836
яяо 4я 1200;3997
яяо 4р 600;4904
яяо 4р 700;5194
яяо 4р 800;5484
яяо 4р 900;5774
яяо 4р 1000;6063
яяо 4р 1100;6601
яяо 4р 1200;7121
яобя 300 1000у600;3482
яобя 300 1100у600;3601
яобя 300 1200у600;3736
яобя 300 1300у600;3844
яобя 300 1400у600;3952
яобя 300 1500у600;4157
яобя 300 1600у600;4292
яобя 300 1700у600;4399
яобя 300 1800у600;4693
яобя 300 1000у700;3778
яобя 300 1100у700;3904
яобя 300 1200у700;4040
яобя 300 1300у700;4151
яобя 300 1400у700;4291
яобя 300 1500у700;4529
яобя 300 1600у700;4637
яобя 300 1700у700;4776
яобя 300 1800у700;5073
яобя 350 1000у600;3563
яобя 350 1100у600;3683
яобя 350 1200у600;3818
яобя 350 1300у600;3925
яобя 350 1400у600;4034
яобя 350 1500у600;4238
яобя 350 1600у600;4373
яобя 350 1700у600;4481
яобя 350 1800у600;4774
яобя 350 1000у700;3859
яобя 350 1100у700;3986
яобя 350 1200у700;4121
яобя 350 1300у700;4232
яобя 350 1400у700;4372
яобя 350 1500у700;4611
яобя 350 1600у700;4719
яобя 350 1700у700;4857
яобя 350 1800у700;5155
яообя 300 1000у600;3895
яообя 300 1100у600;4047
яообя 300 1200у600;4215
яообя 300 1300у600;4356
яообя 300 1400у600;4498
яообя 300 1500у600;4786
яообя 300 1600у600;4954
яообя 300 1700у600;5094
яообя 300 1800у600;5421
яообя 300 1000у700;4243
яообя 300 1100у700;4410
яообя 300 1200у700;4585
яообя 300 1300у700;4737
яообя 300 1400у700;4917
яообя 300 1500у700;5246
яообя 300 1600у700;5394
яообя 300 1700у700;5573
яообя 300 1800у700;5911
яообя 350 1000у600;3976
яообя 350 1100у600;4129
яообя 350 1200у600;4297
яообя 350 1300у600;4438
яообя 350 1400у600;4580
яообя 350 1500у600;4867
яообя 350 1600у600;5035
яообя 350 1700у600;5176
яообя 350 1800у600;5503
яообя 350 1000у700;4325
яообя 350 1100у700;4491
яообя 350 1200у700;4667
яообя 350 1300у700;4819
яообя 350 1400у700;4999
яообя 350 1500у700;5327
яообя 350 1600у700;5476
яообя 350 1700у700;5655
яообя 350 1800у700;5992
