мЮХЛЕМНБЮМХЕ;жЕМЮ
яо 600у600;1816
яо 700у600;1906
яо 800у600;2022
яо 900у600;2116
яо 1000у600;2211
яо 1100у600;2316
яо 1200у600;2432
яо 1300у600;2526
яо 1400у600;2621
яо 1500у600;2711
яо 1600у600;2927
яо 1700у600;3021
яо 1800у600;3116
яо 1900у600;3833
яо 2000у600;3960
яо 600у700;1968
яо 700у700;2085
яо 800у700;2204
яо 900у700;2301
яо 1000у700;2422
яо 1100у700;2531
яо 1200у700;2651
яо 1300у700;2748
яо 1400у700;2869
яо 1500у700;2985
яо 1600у700;3182
яо 1700у700;3302
яо 1800у700;3400
яо 1900у700;4163
яо 2000у700;4271
яоо 600у600;2096
яоо 700у600;2220
яоо 800у600;2368
яоо 900у600;2495
яоо 1000у600;2624
яоо 1100у600;2763
яоо 1200у600;2911
яоо 1300у600;3038
яоо 1400у600;3166
яоо 1500у600;3290
яоо 1600у600;3539
яоо 1700у600;3666
яоо 1800у600;3794
яоо 1900у600;4502
яоо 2000у600;4661
яоо 600у700;2273
яоо 700у700;2429
яоо 800у700;2589
яоо 900у700;2726
яоо 1000у700;2887
яоо 1100у700;3037
яоо 1200у700;3197
яоо 1300у700;3334
яоо 1400у700;3495
яоо 1500у700;3652
яоо 1600у700;3890
яоо 1700у700;4049
яоо 1800у700;4188
яоо 1900у700;4937
яоо 2000у700;5086
яо2о 600у600;2468
яо2о 700у600;2625
яо2о 800у600;2807
яо2о 900у600;2968
яо2о 1000у600;3129
яо2о 1100у600;3301
яо2о 1200у600;3483
яо2о 1300у600;3643
яо2о 1400у600;3805
яо2о 1500у600;4267
яо2о 1600у600;4571
яо2о 1700у600;4752
яо2о 1800у600;4935
яо2о 1900у600;5093
яо2о 2000у600;5275
яо2о 600у700;2632
яо2о 700у700;2829
яо2о 800у700;3029
яо2о 900у700;3207
яо2о 1000у700;3408
яо2о 1100у700;3599
яо2о 1200у700;3798
яо2о 1300у700;3977
яо2о 1400у700;4178
яо2о 1500у700;4680
яо2о 1600у700;4979
яо2о 1700у700;5201
яо2о 1800у700;5402
яо2о 1900у700;5603
яо2о 2000у700;5781
яо аа 600у600;1859
яо аа 700у600;1960
яо аа 800у600;2065
яо аа 900у600;2191
яо аа 1000у600;2297
яо аа 1100у600;2417
яо аа 1200у600;2518
яо аа 1300у600;2623
яо аа 1400у600;2750
яо аа 1500у600;2855
яо аа 1600у600;3059
яо аа 1700у600;3161
яо аа 1800у600;3288
яо аа 1900у600;4223
яо аа 2000у600;4349
яо аа 600у700;2018
яо аа 700у700;2148
яо аа 800у700;2257
яо аа 900у700;2387
яо аа 1000у700;2493
яо аа 1100у700;2638
яо аа 1200у700;2746
яо аа 1300у700;2877
яо аа 1400у700;2986
яо аа 1500у700;3113
яо аа 1600у700;3343
яо аа 1700у700;3451
яо аа 1800у700;3583
яо аа 1900у700;4541
яо аа 2000у700;4689
яоо аа 600у600;2162
яоо аа 700у600;2303
яоо аа 800у600;2447
яоо аа 900у600;2613
яоо аа 1000у600;2758
яоо аа 1100у600;2917
яоо аа 1200у600;3058
яоо аа 1300у600;3203
яоо аа 1400у600;3370
яоо аа 1500у600;3514
яоо аа 1600у600;3758
яоо аа 1700у600;3899
яоо аа 1800у600;4066
яоо аа 1900у600;4988
яоо аа 2000у600;5154
яоо аа 600у700;2394
яоо аа 700у700;2579
яоо аа 800у700;2743
яоо аа 900у700;2928
яоо аа 1000у700;3089
яоо аа 1100у700;3290
яоо аа 1200у700;3453
яоо аа 1300у700;3639
яоо аа 1400у700;3803
яоо аа 1500у700;3985
яоо аа 1600у700;4271
яоо аа 1700у700;4434
яоо аа 1800у700;4621
яоо аа 1900у700;5571
яоо аа 2000у700;5775
яо2о аа 600у600;2520
яо2о аа 700у600;2690
яо2о аа 800у600;2863
яо2о аа 900у600;3058
яо2о аа 1000у600;3232
яо2о аа 1100у600;3420
яо2о аа 1200у600;3590
яо2о аа 1300у600;3763
яо2о аа 1400у600;3958
яо2о аа 1500у600;4437
яо2о аа 1600у600;4731
яо2о аа 1700у600;4923
яо2о аа 1800у600;5140
яо2о аа 1900у600;5314
яо2о аа 2000у600;5487
яо2о аа 600у700;2778
яо2о аа 700у700;3007
яо2о аа 800у700;3215
яо2о аа 900у700;3445
яо2о аа 1000у700;3651
яо2о аа 1100у700;3896
яо2о аа 1200у700;4104
яо2о аа 1300у700;4333
яо2о аа 1400у700;4543
яо2о аа 1500у700;5075
яо2о аа 1600у700;5426
яо2о аа 1700у700;5655
яо2о аа 1800у700;5908
яо2о аа 1900у700;6120
яо2о аа 2000у700;6346
яон 600у600;2512
яон 700у600;2629
яон 800у600;2780
яон 900у600;2901
яон 1000у600;3022
яон 1100у600;3156
яон 1200у600;3308
яон 1300у600;3428
яон 1400у600;3550
яон 1500у600;3667
яон 1600у600;3934
яон 1700у600;4054
яон 1800у600;4176
яон 1900у600;7078
яон 2000у600;7242
яон 600у700;2700
яон 700у700;2852
яон 800у700;3008
яон 900у700;3133
яон 1000у700;3290
яон 1100у700;3429
яон 1200у700;3585
яон 1300у700;3709
яон 1400у700;3867
яон 1500у700;4019
яон 1600у700;4259
яон 1700у700;4415
яон 1800у700;4541
яон 1900у700;7981
яон 2000у700;8118
яоон 600у600;2834
яоон 700у600;2989
яоон 800у600;3179
яоон 900у600;3337
яоон 1000у600;3497
яоон 1100у600;3670
яоон 1200у600;3859
яоон 1300у600;4018
яоон 1400у600;4178
яоон 1500у600;4333
яоон 1600у600;4638
яоон 1700у600;4796
яоон 1800у600;4956
яоон 1900у600;5782
яоон 2000у600;5985
яоон 600у700;3050
яоон 700у700;3248
яоон 800у700;3451
яоон 900у700;3622
яоон 1000у700;3825
яоон 1100у700;4010
яоон 1200у700;4212
яоон 1300у700;4384
яоон 1400у700;4587
яоон 1500у700;4786
яоон 1600у700;5072
яоон 1700у700;5274
яоон 1800у700;5447
яоон 1900у700;6327
яоон 2000у700;6510
яр4 700у500;2973
яр4 800у500;3150
яр4 900у500;3326
яр4 1000у500;3502
яр4 1100у500;3693
яр4 1200у500;3869
яр4 1300у500;4046
яр4 1400у500;4222
яр4 1500у500;4398
яр4 1600у500;4575
яр4 1700у500;4751
яр4 1800у500;4927
яр4 700у600;3188
яр4 800у600;3392
яр4 900у600;3596
яр4 1000у600;3800
яр4 1100у600;4019
яр4 1200у600;4223
яр4 1300у600;4427
яр4 1400у600;4631
яр4 1500у600;4836
яр4 1600у600;5040
яр4 1700у600;5244
яр4 1800у600;5448
яр5 700у500;3454
яр5 800у500;3674
яр5 900у500;3894
яр5 1000у500;4115
яр5 1100у500;4350
яр5 1200у500;4570
яр5 1300у500;4791
яр5 1400у500;5011
яр5 1500у500;5232
яр5 1600у500;5452
яр5 1700у500;5672
яр5 1800у500;5893
яр5 700у600;3722
яр5 800у600;3977
яр5 900у600;4232
яр5 1000у600;4487
яр5 1100у600;4757
яр5 1200у600;5013
яр5 1300у600;5268
яр5 1400у600;5523
яр5 1500у600;5778
яр5 1600у600;6033
яр5 1700у600;6288
яр5 1800у600;6543
яро4 700у500;3608
яро4 800у500;3854
яро4 900у500;4100
яро4 1000у500;4346
яро4 1100у500;4607
яро4 1200у500;4853
яро4 1300у500;5099
яро4 1400у500;5345
яро4 1500у500;5591
яро4 1600у500;5837
яро4 1700у500;6082
яро4 1800у500;6328
яро4 700у600;3912
яро4 800у600;4196
яро4 900у600;4479
яро4 1000у600;4763
яро4 1100у600;5062
яро4 1200у600;5345
яро4 1300у600;5629
яро4 1400у600;5913
яро4 1500у600;6196
яро4 1600у600;6480
яро4 1700у600;6764
яро4 1800у600;7047
яро5 700у500;4242
яро5 800у500;4550
яро5 900у500;4857
яро5 1000у500;5164
яро5 1100у500;5487
яро5 1200у500;5794
яро5 1300у500;6102
яро5 1400у500;6409
яро5 1500у500;6716
яро5 1600у500;7024
яро5 1700у500;7331
яро5 1800у500;7639
яро5 700у600;4622
яро5 800у600;4977
яро5 900у600;5331
яро5 1000у600;5686
яро5 1100у600;6055
яро5 1200у600;6410
яро5 1300у600;6764
яро5 1400у600;7119
яро5 1500у600;7474
яро5 1600у600;7828
яро5 1700у600;8183
яро5 1800у600;8537
ярпь4 700у500;0
ярпь4 800у500;0
ярпь4 900у500;0
ярпь4 1000у500;0
ярпь4 1100у500;0
ярпь4 1200у500;0
ярпь4 1300у500;0
ярпь4 1400у500;0
ярпь4 1500у500;0
ярпь4 1600у500;0
ярпь4 1700у500;0
ярпь4 1800у500;0
ярпь4 700у600;0
ярпь4 800у600;0
ярпь4 900у600;0
ярпь4 1000у600;0
ярпь4 1100у600;0
ярпь4 1200у600;0
ярпь4 1300у600;0
ярпь4 1400у600;0
ярпь4 1500у600;0
ярпь4 1600у600;0
ярпь4 1700у600;0
ярпь4 1800у600;0
ярпь5 700у500;0
ярпь5 800у500;0
ярпь5 900у500;0
ярпь5 1000у500;0
ярпь5 1100у500;0
ярпь5 1200у500;0
ярпь5 1300у500;0
ярпь5 1400у500;0
ярпь5 1500у500;0
ярпь5 1600у500;0
ярпь5 1700у500;0
ярпь5 1800у500;0
ярпь5 700у600;0
ярпь5 800у600;0
ярпь5 900у600;0
ярпь5 1000у600;0
ярпь5 1100у600;0
ярпь5 1200у600;0
ярпь5 1300у600;0
ярпь5 1400у600;0
ярпь5 1500у600;0
ярпь5 1600у600;0
ярпь5 1700у600;0
ярпь5 1800у600;0
ой1 500у250;423
ой1 600у250;445
ой1 700у250;466
ой1 800у250;488
ой1 900у250;509
ой1 1000у250;531
ой1 1100у250;567
ой1 1200у250;588
ой1 1300у250;610
ой1 1400у250;631
ой1 1500у250;696
ой1 1600у250;717
ой1 1700у250;739
ой1 1800у250;760
ой1 1900у250;782
ой1 2000у250;803
ой1 500у300;454
ой1 600у300;478
ой1 700у300;503
ой1 800у300;528
ой1 900у300;553
ой1 1000у300;578
ой1 1100у300;618
ой1 1200у300;642
ой1 1300у300;667
ой1 1400у300;692
ой1 1500у300;766
ой1 1600у300;791
ой1 1700у300;816
ой1 1800у300;840
ой1 1900у300;865
ой1 2000у300;890
ой1 500у350;484
ой1 600у350;512
ой1 700у350;540
ой1 800у350;569
ой1 900у350;597
ой1 1000у350;625
ой1 1100у350;668
ой1 1200у350;697
ой1 1300у350;725
ой1 1400у350;753
ой1 1500у350;836
ой1 1600у350;864
ой1 1700у350;892
ой1 1800у350;921
ой1 1900у350;949
ой1 2000у350;978
ой2 500у250;828
ой2 600у250;870
ой2 700у250;913
ой2 800у250;955
ой2 900у250;998
ой2 1000у250;1041
ой2 1100у250;1098
ой2 1200у250;1140
ой2 1300у250;1183
ой2 1400у250;1226
ой2 1500у250;1357
ой2 1600у250;1399
ой2 1700у250;1442
ой2 1800у250;1485
ой2 1900у250;1527
ой2 2000у250;1570
ой2 500у300;888
ой2 600у300;937
ой2 700у300;987
ой2 800у300;1036
ой2 900у300;1086
ой2 1000у300;1135
ой2 1100у300;1199
ой2 1200у300;1249
ой2 1300у300;1298
ой2 1400у300;1348
ой2 1500у300;1497
ой2 1600у300;1546
ой2 1700у300;1596
ой2 1800у300;1645
ой2 1900у300;1695
ой2 2000у300;1744
ой2 500у350;948
ой2 600у350;1004
ой2 700у350;1061
ой2 800у350;1117
ой2 900у350;1174
ой2 1000у350;1230
ой2 1100у350;1301
ой2 1200у350;1358
ой2 1300у350;1414
ой2 1400у350;1470
ой2 1500у350;1637
ой2 1600у350;1693
ой2 1700у350;1750
ой2 1800у350;1806
ой2 1900у350;1862
ой2 2000у350;1919
ой3 500у250;1257
ой3 600у250;1321
ой3 700у250;1385
ой3 800у250;1449
ой3 900у250;1512
ой3 1000у250;1576
ой3 1100у250;1655
ой3 1200у250;1718
ой3 1300у250;1782
ой3 1400у250;1846
ой3 1500у250;2056
ой3 1600у250;2120
ой3 1700у250;2184
ой3 1800у250;2248
ой3 1900у250;2311
ой3 2000у250;2375
ой3 500у300;1347
ой3 600у300;1422
ой3 700у300;1496
ой3 800у300;1570
ой3 900у300;1644
ой3 1000у300;1718
ой3 1100у300;1807
ой3 1200у300;1881
ой3 1300у300;1955
ой3 1400у300;2029
ой3 1500у300;2266
ой3 1600у300;2340
ой3 1700у300;2414
ой3 1800у300;2489
ой3 1900у300;2563
ой3 2000у300;2637
ой3 500у350;1438
ой3 600у350;1522
ой3 700у350;1607
ой3 800у350;1691
ой3 900у350;1776
ой3 1000у350;1860
ой3 1100у350;1959
ой3 1200у350;2044
ой3 1300у350;2128
ой3 1400у350;2213
ой3 1500у350;2476
ой3 1600у350;2561
ой3 1700у350;2645
ой3 1800у350;2730
ой3 1900у350;2814
ой3 2000у350;2899
гббо 600у600;2450
гббо 700у600;2706
гббо 800у600;2962
гббо 900у600;3303
гббо 1000у600;3559
гббо 1100у600;3914
гббо 1200у600;4191
гббо 1300у600;4469
гббо 1400у600;4768
гббо 1500у600;5151
гббо 1600у600;5449
гббо 1700у600;5706
гббо 1800у600;5983
гббо 1900у600;6239
гббо 2000у600;6516
гббо 600у700;2537
гббо 700у700;2793
гббо 800у700;3049
гббо 900у700;3390
гббо 1000у700;3667
гббо 1100у700;4022
гббо 1200у700;4278
гббо 1300у700;4577
гббо 1400у700;4876
гббо 1500у700;5280
гббо 1600у700;5578
гббо 1700у700;5814
гббо 1800у700;6112
гббо 1900у700;6368
гббо 2000у700;6645
гббо 600у800;2624
гббо 700у800;2901
гббо 800у800;3157
гббо 900у800;3498
гббо 1000у800;3775
гббо 1100у800;4130
гббо 1200у800;4407
гббо 1300у800;4706
гббо 1400у800;5005
гббо 1500у800;5409
гббо 1600у800;5707
гббо 1700у800;5964
гббо 1800у800;6262
гббо 1900у800;6518
гббо 2000у800;6795
гббо 600у900;2711
гббо 700у900;3009
гббо 800у900;3265
гббо 900у900;3606
гббо 1000у900;3883
гббо 1100у900;4259
гббо 1200у900;4536
гббо 1300у900;4836
гббо 1400у900;5134
гббо 1500у900;5559
гббо 1600у900;5857
гббо 1700у900;6114
гббо 1800у900;6413
гббо 1900у900;6690
гббо 2000у900;6967
гббо 600у1000;2819
гббо 700у1000;3096
гббо 800у1000;3373
гббо 900у1000;3714
гббо 1000у1000;4012
гббо 1100у1000;4367
гббо 1200у1000;4665
гббо 1300у1000;4986
гббо 1400у1000;5284
гббо 1500у1000;5709
гббо 1600у1000;6007
гббо 1700у1000;6286
гббо 1800у1000;6584
гббо 1900у1000;6861
гббо 2000у1000;7138
гббо 600у1100;2906
гббо 700у1100;3204
гббо 800у1100;3481
гббо 900у1100;3843
гббо 1000у1100;4142
гббо 1100у1100;4517
гббо 1200у1100;4794
гббо 1300у1100;5115
гббо 1400у1100;5434
гббо 1500у1100;5859
гббо 1600у1100;6178
гббо 1700у1100;6436
гббо 1800у1100;6755
гббо 1900у1100;7032
гббо 2000у1100;7330
гббо 600у1200;3014
гббо 700у1200;3312
гббо 800у1200;3589
гббо 900у1200;3951
гббо 1000у1200;4271
гббо 1100у1200;4646
гббо 1200у1200;4944
гббо 1300у1200;5265
гббо 1400у1200;5584
гббо 1500у1200;6009
гббо 1600у1200;6328
гббо 1700у1200;6607
гббо 1800у1200;6926
гббо 1900у1200;7224
гббо 2000у1200;7522
гббн 1000у1000;5236
гббн 1100у1000;5737
гббн 1200у1000;6141
гббн 1300у1000;6568
гббн 1400у1000;7014
гббн 1500у1000;7564
гббн 1600у1000;7989
гббн 1700у1000;8374
гббн 1800у1000;8777
гббн 1900у1000;9181
гббн 2000у1000;9542
гббн 1000у1100;5323
гббн 1100у1100;5824
гббн 1200у1100;6228
гббн 1300у1100;6676
гббн 1400у1100;7101
гббн 1500у1100;7651
гббн 1600у1100;8076
гббн 1700у1100;8482
гббн 1800у1100;8885
гббн 1900у1100;9289
гббн 2000у1100;9650
гббн 1000у1200;5410
гббн 1100у1200;5932
гббн 1200у1200;6336
гббн 1300у1200;6763
гббн 1400у1200;7209
гббн 1500у1200;7759
гббн 1600у1200;8205
гббн 1700у1200;8590
гббн 1800у1200;8993
гббн 1900у1200;9418
гббн 2000у1200;9779
гббн 1000у1300;5518
гббн 1100у1300;6040
гббн 1200у1300;6444
гббн 1300у1300;6892
гббн 1400у1300;7317
гббн 1500у1300;7888
гббн 1600у1300;8313
гббн 1700у1300;8719
гббн 1800у1300;9144
гббн 1900у1300;9547
гббн 2000у1300;9929
гббн 1000у1400;5626
гббн 1100у1400;6148
гббн 1200у1400;6552
гббн 1300у1400;7000
гббн 1400у1400;7446
гббн 1500у1400;8017
гббн 1600у1400;8463
гббн 1700у1400;8848
гббн 1800у1400;9273
гббн 1900у1400;9697
гббн 2000у1400;10079
гббн 1000у1500;5734
гббн 1100у1500;6256
гббн 1200у1500;6681
гббн 1300у1500;7129
гббн 1400у1500;7575
гббн 1500у1500;8146
гббн 1600у1500;8592
гббн 1700у1500;8998
гббн 1800у1500;9423
гббн 1900у1500;9847
гббн 2000у1500;10229
гббн 1000у1600;5842
гббн 1100у1600;6385
гббн 1200у1600;6810
гббн 1300у1600;7258
гббн 1400у1600;7704
гббн 1500у1600;8297
гббн 1600у1600;8742
гббн 1700у1600;9148
гббн 1800у1600;9573
гббн 1900у1600;10018
гббн 2000у1600;10400
гббн 1000у1700;5971
гббн 1100у1700;6493
гббн 1200у1700;6939
гббн 1300у1700;7387
гббн 1400у1700;7854
гббн 1500у1700;8426
гббн 1600у1700;8892
гббн 1700у1700;9299
гббн 1800у1700;9744
гббн 1900у1700;10168
гббн 2000у1700;10572
гббн 1000у1800;6100
гббн 1100у1800;6644
гббн 1200у1800;7089
гббн 1300у1800;7559
гббн 1400у1800;8025
гббн 1500у1800;8597
гббн 1600у1800;9063
гббн 1700у1800;9491
гббн 1800у1800;9936
гббн 1900у1800;10361
гббн 2000у1800;10764
гббн 1000у1900;6229
гббн 1100у1900;6773
гббн 1200у1900;7218
гббн 1300у1900;7688
гббн 1400у1900;8154
гббн 1500у1900;8747
гббн 1600у1900;9213
гббн 1700у1900;9641
гббн 1800у1900;10086
гббн 1900у1900;10553
гббн 2000у1900;10956
гббн 1000у2000;6358
гббн 1100у2000;6902
гббн 1200у2000;7368
гббн 1300у2000;7838
гббн 1400у2000;8304
гббн 1500у2000;8897
гббн 1600у2000;9385
гббн 1700у2000;9812
гббн 1800у2000;10258
гббн 1900у2000;10724
гббн 2000у2000;11127
бя1 300 600у600;2566
бя1 300 700у600;2699
бя1 300 800у600;2833
бя1 300 900у600;2966
бя1 300 1000у600;3099
бя1 300 600у700;2755
бя1 300 700у700;2889
бя1 300 800у700;3022
бя1 300 900у700;3183
бя1 300 1000у700;3316
бя1 350 600у600;2675
бя1 350 700у600;2808
бя1 350 800у600;2942
бя1 350 900у600;3102
бя1 350 1000у600;3235
бя1 350 600у700;2864
бя1 350 700у700;2997
бя1 350 800у700;3158
бя1 350 900у700;3318
бя1 350 1000у700;3452
бя2 300 1000у600;3445
бя2 300 1100у600;3593
бя2 300 1200у600;3727
бя2 300 1300у600;4042
бя2 300 1400у600;4189
бя2 300 1500у600;4336
бя2 300 1000у700;3661
бя2 300 1100у700;3837
бя2 300 1200у700;3970
бя2 300 1300у700;4285
бя2 300 1400у700;4460
бя2 300 1500у700;4607
бя2 350 1000у600;3581
бя2 350 1100у600;3756
бя2 350 1200у600;3890
бя2 350 1300у600;4205
бя2 350 1400у600;4379
бя2 350 1500у600;4527
бя2 350 1000у700;3824
бя2 350 1100у700;4000
бя2 350 1200у700;4160
бя2 350 1300у700;4503
бя2 350 1400у700;4650
бя2 350 1500у700;4825
бя3 300 1500у600;4655
бя3 300 1600у600;4802
бя3 300 1700у600;4976
бя3 300 1800у600;5124
бя3 300 1500у700;4953
бя3 300 1600у700;5127
бя3 300 1700у700;5274
бя3 300 1800у700;5422
бя3 350 1500у600;4872
бя3 350 1600у600;5047
бя3 350 1700у600;5194
бя3 350 1800у600;5341
бя3 350 1500у700;5197
бя3 350 1600у700;5372
бя3 350 1700у700;5519
бя3 350 1800у700;5694
бяо1 300 600у600;2937
бяо1 300 700у600;3103
бяо1 300 800у600;3270
бяо1 300 900у600;3436
бяо1 300 1000у600;3603
бяо1 300 600у700;3171
бяо1 300 700у700;3345
бяо1 300 800у700;3519
бяо1 300 900у700;3719
бяо1 300 1000у700;3893
бяо1 350 600у600;3046
бяо1 350 700у600;3212
бяо1 350 800у600;3379
бяо1 350 900у600;3572
бяо1 350 1000у600;3739
бяо1 350 600у700;3280
бяо1 350 700у700;3454
бяо1 350 800у700;3655
бяо1 350 900у700;3855
бяо1 350 1000у700;4029
бяо2 300 1000у600;3948
бяо2 300 1100у600;4130
бяо2 300 1200у600;4296
бяо2 300 1300у600;4645
бяо2 300 1400у600;4826
бяо2 300 1500у600;5006
бяо2 300 1000у700;4238
бяо2 300 1100у700;4454
бяо2 300 1200у700;4628
бяо2 300 1300у700;4984
бяо2 300 1400у700;5198
бяо2 300 1500у700;5386
бяо2 350 1000у600;4084
бяо2 350 1100у600;4293
бяо2 350 1200у600;4459
бяо2 350 1300у600;4808
бяо2 350 1400у600;5016
бяо2 350 1500у600;5196
бяо2 350 1000у700;4402
бяо2 350 1100у700;4617
бяо2 350 1200у700;4818
бяо2 350 1300у700;5201
бяо2 350 1400у700;5389
бяо2 350 1500у700;5603
бяо3 300 1500у600;5324
бяо3 300 1600у600;5505
бяо3 300 1700у600;5712
бяо3 300 1800у600;5893
бяо3 300 1500у700;5731
бяо3 300 1600у700;5946
бяо3 300 1700у700;6134
бяо3 300 1800у700;6321
бяо3 350 1500у600;5542
бяо3 350 1600у600;5749
бяо3 350 1700у600;5930
бяо3 350 1800у600;6110
бяо3 350 1500у700;5976
бяо3 350 1600у700;6191
бяо3 350 1700у700;6378
бяо3 350 1800у700;6593
бя1 300 600у600й;2733
бя1 300 700у600й;2867
бя1 300 800у600й;3000
бя1 300 900у600й;3133
бя1 300 1000у600й;3267
бя1 300 600у700й;2923
бя1 300 700у700й;3056
бя1 300 800у700й;3189
бя1 300 900у700й;3350
бя1 300 1000у700й;3483
бя1 350 600у600й;2842
бя1 350 700у600й;2975
бя1 350 800у600й;3109
бя1 350 900у600й;3269
бя1 350 1000у600й;3402
бя1 350 600у700й;3031
бя1 350 700у700й;3165
бя1 350 800у700й;3325
бя1 350 900у700й;3486
бя1 350 1000у700й;3619
бя2 300 1000у600й;3612
бя2 300 1100у600й;3760
бя2 300 1200у600й;3894
бя2 300 1300у600й;4209
бя2 300 1400у600й;4356
бя2 300 1500у600й;4504
бя2 300 1000у700й;3828
бя2 300 1100у700й;4004
бя2 300 1200у700й;4137
бя2 300 1300у700й;4453
бя2 300 1400у700й;4627
бя2 300 1500у700й;4774
бя2 350 1000у600й;3748
бя2 350 1100у600й;3923
бя2 350 1200у600й;4057
бя2 350 1300у600й;4372
бя2 350 1400у600й;4547
бя2 350 1500у600й;4694
бя2 350 1000у700й;3992
бя2 350 1100у700й;4167
бя2 350 1200у700й;4328
бя2 350 1300у700й;4670
бя2 350 1400у700й;4817
бя2 350 1500у700й;4992
бя3 300 1500у600й;4822
бя3 300 1600у600й;4969
бя3 300 1700у600й;5144
бя3 300 1800у600й;5291
бя3 300 1500у700й;5120
бя3 300 1600у700й;5294
бя3 300 1700у700й;5442
бя3 300 1800у700й;5589
бя3 350 1500у600й;5039
бя3 350 1600у600й;5214
бя3 350 1700у600й;5361
бя3 350 1800у600й;5508
бя3 350 1500у700й;5364
бя3 350 1600у700й;5539
бя3 350 1700у700й;5686
бя3 350 1800у700й;5861
бяо1 300 600у600й;3104
бяо1 300 700у600й;3271
бяо1 300 800у600й;3437
бяо1 300 900у600й;3604
бяо1 300 1000у600й;3770
бяо1 300 600у700й;3339
бяо1 300 700у700й;3512
бяо1 300 800у700й;3686
бяо1 300 900у700й;3887
бяо1 300 1000у700й;4060
бяо1 350 600у600й;3213
бяо1 350 700у600й;3379
бяо1 350 800у600й;3546
бяо1 350 900у600й;3739
бяо1 350 1000у600й;3906
бяо1 350 600у700й;3447
бяо1 350 700у700й;3621
бяо1 350 800у700й;3822
бяо1 350 900у700й;4022
бяо1 350 1000у700й;4196
бяо2 300 1000у600й;4116
бяо2 300 1100у600й;4297
бяо2 300 1200у600й;4464
бяо2 300 1300у600й;4812
бяо2 300 1400у600й;4993
бяо2 300 1500у600й;5173
бяо2 300 1000у700й;4406
бяо2 300 1100у700й;4621
бяо2 300 1200у700й;4795
бяо2 300 1300у700й;5151
бяо2 300 1400у700й;5366
бяо2 300 1500у700й;5553
бяо2 350 1000у600й;4251
бяо2 350 1100у600й;4460
бяо2 350 1200у600й;4627
бяо2 350 1300у600й;4975
бяо2 350 1400у600й;5183
бяо2 350 1500у600й;5363
бяо2 350 1000у700й;4569
бяо2 350 1100у700й;4785
бяо2 350 1200у700й;4985
бяо2 350 1300у700й;5368
бяо2 350 1400у700й;5556
бяо2 350 1500у700й;5771
бяо3 300 1500у600й;5491
бяо3 300 1600у600й;5672
бяо3 300 1700у600й;5880
бяо3 300 1800у600й;6060
бяо3 300 1500у700й;5899
бяо3 300 1600у700й;6113
бяо3 300 1700у700й;6301
бяо3 300 1800у700й;6489
бяо3 350 1500у600й;5709
бяо3 350 1600у600й;5917
бяо3 350 1700у600й;6097
бяо3 350 1800у600й;6278
бяо3 350 1500у700й;6143
бяо3 350 1600у700й;6358
бяо3 350 1700у700й;6546
бяо3 350 1800у700й;6760
ояо ря 600;1778
ояо ря 700;2014
ояо ря 800;2251
ояо ря 900;2487
ояо ря 1000;2724
ояо ря 1100;2978
ояо ря 1200;3214
ояо яя 600;1591
ояо яя 700;1684
ояо яя 800;1777
ояо яя 900;1870
ояо яя 1000;1963
ояо яя 1100;2071
ояо яя 1200;2164
ояо рр 600;2365
ояо рр 700;2504
ояо рр 800;2643
ояо рр 900;2782
ояо рр 1000;2921
ояо рр 1100;3225
ояо рр 1200;3513
яяо 2р2я 600;3823
яяо 2р2я 700;4027
яяо 2р2я 800;4231
яяо 2р2я 900;4435
яяо 2р2я 1000;4640
яяо 2р2я 1100;5036
яяо 2р2я 1200;5417
яяо 3ря 600;4284
яяо 3ря 700;4525
яяо 3ря 800;4766
яяо 3ря 900;5007
яяо 3ря 1000;5248
яяо 3ря 1100;5703
яяо 3ря 1200;6142
яяо р3я 600;3306
яяо р3я 700;3474
яяо р3я 800;3642
яяо р3я 900;3810
яяо р3я 1000;3977
яяо р3я 1100;4305
яяо р3я 1200;4615
яяо 4я 600;3013
яяо 4я 700;3174
яяо 4я 800;3336
яяо 4я 900;3497
яяо 4я 1000;3658
яяо 4я 1100;3836
яяо 4я 1200;3997
яяо 4р 600;4904
яяо 4р 700;5194
яяо 4р 800;5484
яяо 4р 900;5774
яяо 4р 1000;6063
яяо 4р 1100;6601
яяо 4р 1200;7121
яобя 300 1000у600;3656
яобя 300 1100у600;3781
яобя 300 1200у600;3923
яобя 300 1300у600;4036
яобя 300 1400у600;4150
яобя 300 1500у600;4365
яобя 300 1600у600;4506
яобя 300 1700у600;4619
яобя 300 1800у600;4927
яобя 300 1000у700;3967
яобя 300 1100у700;4099
яобя 300 1200у700;4242
яобя 300 1300у700;4358
яобя 300 1400у700;4505
яобя 300 1500у700;4756
яобя 300 1600у700;4869
яобя 300 1700у700;5015
яобя 300 1800у700;5327
яобя 350 1000у600;3742
яобя 350 1100у600;3867
яобя 350 1200у600;4008
яобя 350 1300у600;4121
яобя 350 1400у600;4236
яобя 350 1500у600;4450
яобя 350 1600у600;4592
яобя 350 1700у600;4705
яобя 350 1800у600;5013
яобя 350 1000у700;4052
яобя 350 1100у700;4185
яобя 350 1200у700;4327
яобя 350 1300у700;4444
яобя 350 1400у700;4591
яобя 350 1500у700;4841
яобя 350 1600у700;4955
яобя 350 1700у700;5100
яобя 350 1800у700;5412
яообя 300 1000у600;4089
яообя 300 1100у600;4250
яообя 300 1200у600;4426
яообя 300 1300у600;4574
яообя 300 1400у600;4723
яообя 300 1500у600;5025
яообя 300 1600у600;5201
яообя 300 1700у600;5349
яообя 300 1800у600;5692
яообя 300 1000у700;4455
яообя 300 1100у700;4630
яообя 300 1200у700;4815
яообя 300 1300у700;4974
яообя 300 1400у700;5163
яообя 300 1500у700;5508
яообя 300 1600у700;5664
яообя 300 1700у700;5852
яообя 300 1800у700;6206
яообя 350 1000у600;4175
яообя 350 1100у600;4335
яообя 350 1200у600;4512
яообя 350 1300у600;4659
яообя 350 1400у600;4809
яообя 350 1500у600;5111
яообя 350 1600у600;5287
яообя 350 1700у600;5435
яообя 350 1800у600;5778
яообя 350 1000у700;4541
яообя 350 1100у700;4716
яообя 350 1200у700;4900
яообя 350 1300у700;5060
яообя 350 1400у700;5248
яообя 350 1500у700;5594
яообя 350 1600у700;5750
яообя 350 1700у700;5937
яообя 350 1800у700;6292
